Domain Code,Domain,Area Code (M49),Area,Element Code,Element,Item Code (CPC),Item,Year Code,Year,Unit,Value,Flag,Flag Description,Note
"QCL","Crops and livestock products","356","India","5510","Production","0111","Wheat","1961","1961","t","10997000","A","Official value",""
"QCL","Crops and livestock products","356","India","5510","Production","0111","Wheat","1962","1962","t","12072000","A","Official value",""
"QCL","Crops and livestock products","356","India","5510","Production","0111","Wheat","1963","1963","t","10776000","A","Official value",""
"QCL","Crops and livestock products","356","India","5510","Production","0111","Wheat","1964","1964","t","9853000","A","Official value",""
"QCL","Crops and livestock products","356","India","5510","Production","0111","Wheat","1965","1965","t","12257000","A","Official value",""
"QCL","Crops and livestock products","356","India","5510","Production","0111","Wheat","1966","1966","t","10394000","A","Official value",""
"QCL","Crops and livestock products","356","India","5510","Production","0111","Wheat","1967","1967","t","11393000","A","Official value",""
"QCL","Crops and livestock products","356","India","5510","Production","0111","Wheat","1968","1968","t","16540100","A","Official value",""
"QCL","Crops and livestock products","356","India","5510","Production","0111","Wheat","1969","1969","t","18651600","A","Official value",""
"QCL","Crops and livestock products","356","India","5510","Production","0111","Wheat","1970","1970","t","20093296","A","Official value",""
"QCL","Crops and livestock products","356","India","5510","Production","0111","Wheat","1971","1971","t","23832496","A","Official value",""
"QCL","Crops and livestock products","356","India","5510","Production","0111","Wheat","1972","1972","t","26409904","A","Official value",""
"QCL","Crops and livestock products","356","India","5510","Production","0111","Wheat","1973","1973","t","24734608","A","Official value",""
"QCL","Crops and livestock products","356","India","5510","Production","0111","Wheat","1974","1974","t","21778000","A","Official value",""
"QCL","Crops and livestock products","356","India","5510","Production","0111","Wheat","1975","1975","t","24104400","A","Official value",""
"QCL","Crops and livestock products","356","India","5510","Production","0111","Wheat","1976","1976","t","28846304","A","Official value",""
"QCL","Crops and livestock products","356","India","5510","Production","0111","Wheat","1977","1977","t","29009904","A","Official value",""
"QCL","Crops and livestock products","356","India","5510","Production","0111","Wheat","1978","1978","t","31749200","A","Official value",""
"QCL","Crops and livestock products","356","India","5510","Production","0111","Wheat","1979","1979","t","35507808","A","Official value",""
"QCL","Crops and livestock products","356","India","5510","Production","0111","Wheat","1980","1980","t","31830000","A","Official value",""
"QCL","Crops and livestock products","356","India","5510","Production","0111","Wheat","1981","1981","t","36312608","A","Official value",""
"QCL","Crops and livestock products","356","India","5510","Production","0111","Wheat","1982","1982","t","37451808","A","Official value",""
"QCL","Crops and livestock products","356","India","5510","Production","0111","Wheat","1983","1983","t","42793904","A","Official value",""
"QCL","Crops and livestock products","356","India","5510","Production","0111","Wheat","1984","1984","t","45476000","A","Official value",""
"QCL","Crops and livestock products","356","India","5510","Production","0111","Wheat","1985","1985","t","44068800","A","Official value",""
"QCL","Crops and livestock products","356","India","5510","Production","0111","Wheat","1986","1986","t","47051808","A","Official value",""
"QCL","Crops and livestock products","356","India","5510","Production","0111","Wheat","1987","1987","t","44322896","A","Official value",""
"QCL","Crops and livestock products","356","India","5510","Production","0111","Wheat","1988","1988","t","46169408","A","Official value",""
"QCL","Crops and livestock products","356","India","5510","Production","0111","Wheat","1989","1989","t","54110208","A","Official value",""
"QCL","Crops and livestock products","356","India","5510","Production","0111","Wheat","1990","1990","t","49849504","A","Official value",""
"QCL","Crops and livestock products","356","India","5510","Production","0111","Wheat","1991","1991","t","55134496","A","Official value",""
"QCL","Crops and livestock products","356","India","5510","Production","0111","Wheat","1992","1992","t","55689504","A","Official value",""
"QCL","Crops and livestock products","356","India","5510","Production","0111","Wheat","1993","1993","t","57210100","A","Official value",""
"QCL","Crops and livestock products","356","India","5510","Production","0111","Wheat","1994","1994","t","59840000","A","Official value",""
"QCL","Crops and livestock products","356","India","5510","Production","0111","Wheat","1995","1995","t","65767400","A","Official value",""
"QCL","Crops and livestock products","356","India","5510","Production","0111","Wheat","1996","1996","t","62097400","A","Official value",""
"QCL","Crops and livestock products","356","India","5510","Production","0111","Wheat","1997","1997","t","69350200","A","Official value",""
"QCL","Crops and livestock products","356","India","5510","Production","0111","Wheat","1998","1998","t","66345000","A","Official value",""
"QCL","Crops and livestock products","356","India","5510","Production","0111","Wheat","1999","1999","t","71287504","A","Official value",""
"QCL","Crops and livestock products","356","India","5510","Production","0111","Wheat","2000","2000","t","76368896","A","Official value",""
"QCL","Crops and livestock products","356","India","5510","Production","0111","Wheat","2001","2001","t","69680896","A","Official value",""
"QCL","Crops and livestock products","356","India","5510","Production","0111","Wheat","2002","2002","t","72766304","A","Official value",""
"QCL","Crops and livestock products","356","India","5510","Production","0111","Wheat","2003","2003","t","65760800","A","Official value",""
"QCL","Crops and livestock products","356","India","5510","Production","0111","Wheat","2004","2004","t","72156200","A","Official value",""
"QCL","Crops and livestock products","356","India","5510","Production","0111","Wheat","2005","2005","t","68636896","A","Official value",""
"QCL","Crops and livestock products","356","India","5510","Production","0111","Wheat","2006","2006","t","69354496","A","Official value",""
"QCL","Crops and livestock products","356","India","5510","Production","0111","Wheat","2007","2007","t","75806704","A","Official value",""
"QCL","Crops and livestock products","356","India","5510","Production","0111","Wheat","2008","2008","t","78570200","A","Official value",""
"QCL","Crops and livestock products","356","India","5510","Production","0111","Wheat","2009","2009","t","80679400","A","Official value",""
"QCL","Crops and livestock products","356","India","5510","Production","0111","Wheat","2010","2010","t","80803600","A","Official value",""
"QCL","Crops and livestock products","356","India","5510","Production","0111","Wheat","2011","2011","t","86874000","A","Official value",""
"QCL","Crops and livestock products","356","India","5510","Production","0111","Wheat","2012","2012","t","94880000","A","Official value",""
"QCL","Crops and livestock products","356","India","5510","Production","0111","Wheat","2013","2013","t","93510000","A","Official value",""
"QCL","Crops and livestock products","356","India","5510","Production","0111","Wheat","2014","2014","t","95850000","A","Official value",""
"QCL","Crops and livestock products","356","India","5510","Production","0111","Wheat","2015","2015","t","86530000","A","Official value",""
"QCL","Crops and livestock products","356","India","5510","Production","0111","Wheat","2016","2016","t","92290000","A","Official value",""
"QCL","Crops and livestock products","356","India","5510","Production","0111","Wheat","2017","2017","t","98510220","A","Official value",""
"QCL","Crops and livestock products","356","India","5510","Production","0111","Wheat","2018","2018","t","99869520","A","Official value",""
"QCL","Crops and livestock products","356","India","5510","Production","0111","Wheat","2019","2019","t","103596230","A","Official value",""
"QCL","Crops and livestock products","356","India","5510","Production","0111","Wheat","2020","2020","t","107860510","A","Official value",""
"QCL","Crops and livestock products","356","India","5510","Production","0111","Wheat","2021","2021","t","109586500","A","Official value",""
"QCL","Crops and livestock products","356","India","5510","Production","0111","Wheat","2022","2022","t","107742070","A","Official value",""
"QCL","Crops and livestock products","356","India","5510","Production","0111","Wheat","2023","2023","t","110553675.31","A","Official value",""
"QCL","Crops and livestock products","356","India","5510","Production","0111","Wheat","2024","2024","t","113292368","A","Official value",""
